employee_id|department_id
EMP-0440|DP-1010
EMP-0448|DP-1009
EMP-0001|DP-1002
EMP-0407|DP-1001
EMP-0071|DP-1007
EMP-0163|DP-1006
EMP-0145|DP-1004
EMP-0154|DP-1006
EMP-0077|DP-1005
EMP-0256|DP-1006
EMP-0240|DP-1006
EMP-0085|DP-1005
EMP-0412|DP-1007
EMP-0035|DP-1006
EMP-0406|DP-1006
EMP-0267|DP-1006
EMP-0175|DP-1004
EMP-0025|DP-1007
EMP-0384|DP-1001
EMP-0316|DP-1002
EMP-0218|DP-1007
EMP-0171|DP-1006
EMP-0065|DP-1003
EMP-0125|DP-1006
EMP-0327|DP-1004
EMP-0005|DP-1009
EMP-0287|DP-1006
EMP-0123|DP-1007
EMP-0114|DP-1007
EMP-0228|DP-1005
EMP-0350|DP-1006
EMP-0208|DP-1006
EMP-0203|DP-1001
EMP-0040|DP-1007
EMP-0301|DP-1008
EMP-0385|DP-1009
EMP-0329|DP-1009
EMP-0112|DP-1007
EMP-0264|DP-1010
EMP-0183|DP-1006
EMP-0036|DP-1003
EMP-0061|DP-1006
EMP-0299|DP-1007
EMP-0043|DP-1006
EMP-0258|DP-1006
EMP-0354|DP-1006
EMP-0247|DP-1005
EMP-0418|DP-1006
EMP-0193|DP-1008
EMP-0324|DP-1007
EMP-0445|DP-1005
EMP-0377|DP-1006
EMP-0056|DP-1005
EMP-0018|DP-1002
EMP-0411|DP-1007
EMP-0225|DP-1006
EMP-0214|DP-1007
EMP-0033|DP-1006
EMP-0366|DP-1005
EMP-0298|DP-1007
EMP-0017|DP-1006
EMP-0373|DP-1006
EMP-0115|DP-1007
EMP-0309|DP-1006
EMP-0180|DP-1007
EMP-0160|DP-1009
EMP-0008|DP-1004
EMP-0246|DP-1006
EMP-0194|DP-1006
EMP-0311|DP-1006
EMP-0003|DP-1008
EMP-0420|DP-1008
EMP-0451|DP-1006
EMP-0118|DP-1006
EMP-0279|DP-1006
EMP-0031|DP-1006
EMP-0110|DP-1001
EMP-0317|DP-1006
EMP-0132|DP-1004
EMP-0342|DP-1010
EMP-0275|DP-1005
EMP-0312|DP-1006
EMP-0269|DP-1007
EMP-0076|DP-1001
EMP-0343|DP-1008
EMP-0012|DP-1006
EMP-0289|DP-1003
EMP-0380|DP-1007
EMP-0454|DP-1006
EMP-0164|DP-1007
EMP-0235|DP-1006
EMP-0019|DP-1007
EMP-0216|DP-1001
EMP-0232|DP-1009
EMP-0271|DP-1007
EMP-0376|DP-1006
EMP-0339|DP-1007
EMP-0393|DP-1008
EMP-0055|DP-1006
EMP-0080|DP-1002
EMP-0304|DP-1007
EMP-0142|DP-1010
EMP-0179|DP-1010
EMP-0230|DP-1010
EMP-0360|DP-1005
EMP-0048|DP-1007
EMP-0243|DP-1004
EMP-0310|DP-1007
EMP-0126|DP-1009
EMP-0116|DP-1006
EMP-0211|DP-1006
EMP-0382|DP-1006
EMP-0449|DP-1006
EMP-0090|DP-1002
EMP-0202|DP-1006
EMP-0185|DP-1007
EMP-0322|DP-1007
EMP-0330|DP-1006
EMP-0108|DP-1009
EMP-0039|DP-1006
EMP-0109|DP-1007
EMP-0430|DP-1003
EMP-0381|DP-1006
EMP-0161|DP-1005
EMP-0172|DP-1006
EMP-0419|DP-1005
EMP-0292|DP-1007
EMP-0050|DP-1005
EMP-0431|DP-1002
EMP-0143|DP-1007
EMP-0319|DP-1006
EMP-0014|DP-1007
EMP-0222|DP-1006
EMP-0300|DP-1006
EMP-0455|DP-1003
EMP-0405|DP-1007
EMP-0399|DP-1006
EMP-0196|DP-1006
EMP-0280|DP-1009
EMP-0262|DP-1007
EMP-0201|DP-1005
EMP-0439|DP-1006
EMP-0438|DP-1006
EMP-0204|DP-1006
EMP-0178|DP-1005
EMP-0408|DP-1004
EMP-0383|DP-1007
EMP-0415|DP-1009
EMP-0067|DP-1007
EMP-0423|DP-1007
EMP-0358|DP-1003
EMP-0032|DP-1006
EMP-0111|DP-1004
EMP-0389|DP-1006
EMP-0253|DP-1007
EMP-0297|DP-1005
EMP-0223|DP-1006
EMP-0023|DP-1010
EMP-0101|DP-1006
EMP-0285|DP-1007
EMP-0315|DP-1007
EMP-0349|DP-1006
EMP-0024|DP-1009
EMP-0088|DP-1006
EMP-0367|DP-1004
EMP-0249|DP-1006
EMP-0340|DP-1005
EMP-0260|DP-1006
EMP-0274|DP-1006
EMP-0046|DP-1006
EMP-0190|DP-1001
EMP-0106|DP-1002
EMP-0344|DP-1006
EMP-0250|DP-1006
EMP-0210|DP-1007
EMP-0447|DP-1010
EMP-0404|DP-1010
EMP-0188|DP-1001
EMP-0030|DP-1006
EMP-0398|DP-1007
EMP-0307|DP-1006
EMP-0079|DP-1006
EMP-0288|DP-1006
EMP-0121|DP-1006
EMP-0028|DP-1007
EMP-0144|DP-1006
EMP-0429|DP-1006
EMP-0428|DP-1007
EMP-0189|DP-1005
EMP-0433|DP-1007
EMP-0427|DP-1006
EMP-0334|DP-1006
EMP-0097|DP-1005
EMP-0013|DP-1007
EMP-0094|DP-1006
EMP-0068|DP-1007
EMP-0257|DP-1007
EMP-0326|DP-1006
EMP-0135|DP-1007
EMP-0378|DP-1006
EMP-0386|DP-1010
EMP-0053|DP-1007
EMP-0011|DP-1003
EMP-0093|DP-1006
EMP-0359|DP-1007
EMP-0237|DP-1006
EMP-0331|DP-1006
EMP-0074|DP-1007
EMP-0443|DP-1007
EMP-0167|DP-1008
EMP-0026|DP-1001
EMP-0129|DP-1001
EMP-0081|DP-1008
EMP-0241|DP-1006
EMP-0047|DP-1007
EMP-0446|DP-1010
EMP-0107|DP-1010
EMP-0390|DP-1007
EMP-0083|DP-1006
EMP-0236|DP-1005
EMP-0333|DP-1010
EMP-0103|DP-1006
EMP-0089|DP-1009
EMP-0403|DP-1007
EMP-0149|DP-1006
EMP-0444|DP-1006
EMP-0217|DP-1007
EMP-0266|DP-1006
EMP-0146|DP-1006
EMP-0303|DP-1006
EMP-0029|DP-1006
EMP-0422|DP-1007
EMP-0002|DP-1008
EMP-0394|DP-1007
EMP-0162|DP-1007
EMP-0052|DP-1006
EMP-0124|DP-1007
EMP-0435|DP-1006
EMP-0064|DP-1001
EMP-0075|DP-1009
EMP-0159|DP-1010
EMP-0272|DP-1004
EMP-0402|DP-1010
EMP-0187|DP-1007
EMP-0169|DP-1007
EMP-0015|DP-1005
EMP-0170|DP-1010
EMP-0226|DP-1009
EMP-0368|DP-1006
EMP-0270|DP-1010
EMP-0027|DP-1006
EMP-0346|DP-1007
EMP-0087|DP-1006
EMP-0166|DP-1009
EMP-0086|DP-1002
EMP-0176|DP-1010
EMP-0182|DP-1006
EMP-0335|DP-1002
EMP-0365|DP-1006
EMP-0010|DP-1009
EMP-0281|DP-1007
EMP-0306|DP-1007
EMP-0313|DP-1003
EMP-0248|DP-1001
EMP-0186|DP-1007
EMP-0323|DP-1006
EMP-0099|DP-1007
EMP-0245|DP-1009
EMP-0212|DP-1007
EMP-0130|DP-1007
EMP-0234|DP-1005
EMP-0220|DP-1005
EMP-0078|DP-1008
EMP-0295|DP-1001
EMP-0049|DP-1006
EMP-0199|DP-1007
EMP-0117|DP-1006
EMP-0207|DP-1007
EMP-0283|DP-1006
EMP-0095|DP-1006
EMP-0361|DP-1006
EMP-0153|DP-1006
EMP-0209|DP-1008
EMP-0437|DP-1007
EMP-0021|DP-1005
EMP-0128|DP-1007
EMP-0138|DP-1005
EMP-0131|DP-1007
EMP-0255|DP-1004
EMP-0195|DP-1010
EMP-0452|DP-1009
EMP-0042|DP-1006
EMP-0051|DP-1007
EMP-0265|DP-1006
EMP-0278|DP-1010
EMP-0038|DP-1005
EMP-0158|DP-1007
EMP-0224|DP-1006
EMP-0363|DP-1002
EMP-0345|DP-1001
EMP-0205|DP-1006
EMP-0397|DP-1007
EMP-0177|DP-1007
EMP-0133|DP-1005
EMP-0414|DP-1007
EMP-0044|DP-1006
EMP-0127|DP-1006
EMP-0387|DP-1007
EMP-0284|DP-1006
EMP-0072|DP-1007
EMP-0069|DP-1001
EMP-0141|DP-1009
EMP-0355|DP-1004
EMP-0034|DP-1006
EMP-0251|DP-1006
EMP-0362|DP-1003
EMP-0442|DP-1005
EMP-0058|DP-1007
EMP-0227|DP-1006
EMP-0037|DP-1009
EMP-0102|DP-1007
EMP-0282|DP-1007
EMP-0155|DP-1007
EMP-0041|DP-1006
EMP-0073|DP-1003
EMP-0337|DP-1007
EMP-0091|DP-1006
EMP-0314|DP-1007
EMP-0294|DP-1005
EMP-0305|DP-1006
EMP-0261|DP-1006
EMP-0392|DP-1007
EMP-0434|DP-1007
EMP-0338|DP-1007
EMP-0165|DP-1009
EMP-0100|DP-1001
EMP-0388|DP-1007
EMP-0409|DP-1006
EMP-0375|DP-1001
EMP-0395|DP-1002
EMP-0347|DP-1002
EMP-0200|DP-1009
EMP-0082|DP-1007
EMP-0174|DP-1001
EMP-0426|DP-1007
EMP-0290|DP-1008
EMP-0424|DP-1009
EMP-0045|DP-1007
EMP-0328|DP-1006
EMP-0453|DP-1006
EMP-0104|DP-1009
EMP-0325|DP-1008
EMP-0221|DP-1007
EMP-0137|DP-1006
EMP-0277|DP-1007
EMP-0173|DP-1007
EMP-0007|DP-1006
EMP-0371|DP-1007
EMP-0006|DP-1009
EMP-0233|DP-1006
EMP-0136|DP-1007
EMP-0263|DP-1007
EMP-0206|DP-1003
EMP-0357|DP-1004
EMP-0192|DP-1001
EMP-0321|DP-1007
EMP-0374|DP-1009
EMP-0320|DP-1007
EMP-0181|DP-1003
EMP-0417|DP-1007
EMP-0396|DP-1009
EMP-0066|DP-1007
EMP-0318|DP-1005
EMP-0273|DP-1006
EMP-0198|DP-1007
EMP-0268|DP-1006
EMP-0140|DP-1006
EMP-0122|DP-1007
EMP-0436|DP-1007
EMP-0353|DP-1009
EMP-0139|DP-1006
EMP-0215|DP-1008
EMP-0254|DP-1010
EMP-0150|DP-1007
EMP-0416|DP-1007
EMP-0092|DP-1006
EMP-0336|DP-1006
EMP-0096|DP-1006
EMP-0060|DP-1001
EMP-0441|DP-1006
EMP-0059|DP-1007
EMP-0022|DP-1006
EMP-0134|DP-1005
EMP-0242|DP-1007
EMP-0238|DP-1006
EMP-0410|DP-1006
EMP-0456|DP-1009
EMP-0120|DP-1006
EMP-0152|DP-1009
EMP-0070|DP-1007
EMP-0148|DP-1003
EMP-0293|DP-1007
EMP-0157|DP-1006
EMP-0213|DP-1007
EMP-0341|DP-1006
EMP-0119|DP-1006
EMP-0252|DP-1007
EMP-0219|DP-1008
EMP-0332|DP-1007
EMP-0229|DP-1007
EMP-0370|DP-1007
EMP-0105|DP-1006
EMP-0432|DP-1010
EMP-0156|DP-1006
EMP-0197|DP-1006
EMP-0239|DP-1005
EMP-0244|DP-1005
EMP-0302|DP-1004
EMP-0113|DP-1006
EMP-0296|DP-1001
EMP-0191|DP-1006
EMP-0364|DP-1006
EMP-0421|DP-1010
EMP-0147|DP-1005
EMP-0400|DP-1002
EMP-0413|DP-1006
EMP-0009|DP-1006
EMP-0259|DP-1003
EMP-0308|DP-1008
EMP-0457|DP-1006
EMP-0063|DP-1007
EMP-0356|DP-1010
EMP-0231|DP-1007
EMP-0401|DP-1002
EMP-0450|DP-1006
EMP-0286|DP-1006
EMP-0168|DP-1003
EMP-0348|DP-1004
EMP-0098|DP-1004
EMP-0151|DP-1006
EMP-0391|DP-1006
EMP-0084|DP-1001
EMP-0379|DP-1010
EMP-0291|DP-1006
EMP-0369|DP-1005
EMP-0425|DP-1007
EMP-0054|DP-1006
EMP-0020|DP-1005
EMP-0276|DP-1006
EMP-0352|DP-1007
EMP-0184|DP-1007
EMP-0004|DP-1006
EMP-0062|DP-1006
EMP-0351|DP-1006
EMP-0016|DP-1009
EMP-0372|DP-1006
EMP-0057|DP-1007
