user_id|password_hash|email|employee_id|created_on
u8026|9DC9F9C0-05F5-497B-82E4-A0BDE2844863|kermit.ashley@anytime.ch|EMP-0292|2011-09-15 12:40:00
u0949|F48C386F-EEF4-4681-9A63-E2AEA09B494D|timothy.sykes@anytime.ch|EMP-0196|2008-09-17 11:20:00
u1596|C5FFBCDE-5E70-4C16-9953-6EE2034E78EB|penelope.nelson@anytime.ch|EMP-0452|2016-11-09 10:26:00
u8608|91E161B0-5A54-4FDB-B359-855010E64992|merrill.ray@anytime.ch|EMP-0050|2004-05-10 10:07:00
u1927|E66D836B-D6AD-471A-8377-F923A5D5CE20|tobias.nichols@anytime.ch|EMP-0139|2007-01-29 12:46:00
u6476|8B2AC822-E54C-4FA7-9B67-E5270FA5F5B3|herrod.downs@anytime.ch|EMP-0258|2010-09-23 12:03:00
u1317|252D06DB-9A11-4DC3-8C96-FD0AFF27C942|nero.owens@anytime.ch|EMP-0290|2011-07-15 16:29:00
u5473|3EA6AE16-AD5B-48C2-BC23-32A598C747E1|octavia.mayo@anytime.ch|EMP-0307|2012-03-09 12:57:00
u7189|BD5A4CC5-76A2-4936-84D5-051BA7BA74ED|miranda.reed@anytime.ch|EMP-0101|2006-01-30 09:34:00
u5935|567311D7-75A6-4AC0-B832-8209C406D5EA|rahim.shaw@anytime.ch|EMP-0183|2008-05-05 09:02:00
u5966|429C9972-38AF-4238-A313-4F461A437252|carson.crawford@anytime.ch|EMP-0221|2009-05-14 11:52:00
u0855|78A1D195-BE30-4F36-91A4-D5E42C4390DA|colt.french@anytime.ch|EMP-0396|2015-01-14 16:13:00
u5379|CCD916B2-127B-45B6-AED7-4698589953F2|edan.sykes@anytime.ch|EMP-0089|2005-08-29 13:28:00
u2425|FC000DD3-2EFB-41CF-B256-24065106BE36|armando.whitley@anytime.ch|EMP-0136|2007-01-05 12:25:00
u0015|26146D09-3DFB-4E19-B2ED-C5A1121ABC0D|demetrius.morales@anytime.ch|EMP-0248|2010-07-16 16:29:00
u6496|DF231D9A-1546-4C4F-9E2D-C2D77A9898EC|bruce.george@anytime.ch|EMP-0008|2002-07-01 13:19:00
u1180|0726FDA0-B264-4A7D-AA41-95E94CB48608|isabella.mcdaniel@anytime.ch|EMP-0436|2016-04-08 15:25:00
u5978|0530DB84-0B03-4FF1-961C-1619F03ECC72|lael.barnett@anytime.ch|EMP-0150|2007-06-08 12:29:00
u6877|78286E36-5134-49EB-A22F-74895CAA17EB|martina.wolf@anytime.ch|EMP-0353|2013-10-22 15:39:00
u0897|6FF7C35E-7039-4934-9554-21271D996AB3|jonah.lucas@anytime.ch|EMP-0205|2008-12-08 12:54:00
u2648|CD4309A2-5B90-41C2-9D81-3EC966346C08|randall.carpenter@anytime.ch|EMP-0327|2012-11-09 16:22:00
u0371|7A0B4229-F3A2-43CF-B887-4DA78C2ABDA1|george.christian@anytime.ch|EMP-0065|2004-11-01 09:13:00
u3851|906C4A2D-2A3F-4B9E-AA20-CDA1A792CFD0|gary.fernandez@anytime.ch|EMP-0442|2016-08-04 15:28:00
u1799|F0B4AE61-2F71-4C01-8193-38C00D645921|blake.daugherty@anytime.ch|EMP-0391|2014-10-21 09:50:00
u5911|8F7D7C88-97BA-4FD2-9D38-3B08A9291D41|carl.graves@anytime.ch|EMP-0213|2009-03-12 16:59:00
u3555|754D85A5-778F-483D-8337-04F8EADFEE4D|anne.armstrong@anytime.ch|EMP-0382|2014-09-03 13:45:00
u7375|7566F3F2-B9D0-4CF9-9483-40568D622B51|rigel.jensen@anytime.ch|EMP-0060|2004-08-18 11:19:00
u7953|3DCDCBA6-5A8C-4684-AA80-EEAF8DC7C2AF|quemby.atkinson@anytime.ch|EMP-0234|2009-12-01 10:43:00
u3761|9E903B25-B351-4034-9F72-0CAE0F0A0220|freya.grant@anytime.ch|EMP-0332|2012-12-28 15:36:00
u9493|4F44979D-2205-4FFD-9182-C80C5392A124|jesse.alston@anytime.ch|EMP-0175|2008-02-05 13:40:00
u4741|454E8788-B8B0-48D7-9158-03CB077BC997|tad.hunter@anytime.ch|EMP-0053|2004-06-03 14:55:00
u4722|F728C1B0-AE11-4985-9AAD-441E8EBDEB1B|ray.vaughn@anytime.ch|EMP-0437|2016-04-14 15:56:00
u5076|154BE026-889F-4978-9D33-98AEDD089760|eleanor.wagner@anytime.ch|EMP-0240|2010-04-06 10:00:00
u9947|4E18D170-DFBB-4601-BD5E-2B1B7837096E|cara.workman@anytime.ch|EMP-0022|2002-07-01 12:20:00
u6437|BF2280E7-2316-442A-846B-76FAC2FC48A3|lareina.pacheco@anytime.ch|EMP-0438|2016-05-06 14:00:00
u5902|2818AD09-785F-44C7-9EED-95664AFC92C6|kristen.lowe@anytime.ch|EMP-0171|2007-12-19 11:51:00
u3124|2AE93AE9-81A0-4172-B31F-D062A1FC98D9|aristotle.cooley@anytime.ch|EMP-0255|2010-09-16 14:33:00
u9995|DD8BB326-3592-4195-A1D8-ED1553229E07|olivia.bush@anytime.ch|EMP-0034|2003-09-25 09:37:00
u7700|EB45B1B7-9C31-43C9-B7F8-D3A5BCD83EAE|amery.fletcher@anytime.ch|EMP-0390|2014-10-20 09:38:00
u3163|7AD4D91D-4833-41EF-B2BC-36D6B189388D|anastasia.whitaker@anytime.ch|EMP-0272|2011-03-01 16:17:00
u2045|F066FA1B-FE49-4054-9DF4-B69FA2C98BBF|quinlan.cortez@anytime.ch|EMP-0402|2015-02-16 11:33:00
u9250|45419237-AF16-4E00-8C13-EB1843C27D85|odessa.stark@anytime.ch|EMP-0079|2005-04-15 11:14:00
u4705|2AE7326B-8EBC-4904-B97C-2F8288390E0A|robin.quinn@anytime.ch|EMP-0339|2013-05-24 10:10:00
u4463|87173844-F39B-4ACA-B9C2-8D0A529F1445|richard.clayton@anytime.ch|EMP-0241|2010-05-10 15:27:00
u4222|6C4B3081-0A84-49C4-8FC9-716896A6F35F|kenneth.salazar@anytime.ch|EMP-0388|2014-09-30 11:17:00
u9224|A35833A7-87B6-449F-951B-C9BC9972DC1D|roth.simpson@anytime.ch|EMP-0159|2007-09-03 16:23:00
u3180|5E542128-924A-46C8-A88C-846B2CAE788A|burton.drake@anytime.ch|EMP-0055|2004-06-16 12:27:00
u0472|C1FD4CF6-B1ED-439E-A4F7-4104A9EB00F6|solomon.skinner@anytime.ch|EMP-0302|2012-01-03 13:18:00
u3537|F8A7FB14-0A1C-4DE7-81DD-BAB3352945B1|oscar.pierce@anytime.ch|EMP-0178|2008-03-11 12:59:00
u4016|451F3586-6FA7-4B5C-BE73-0EB9023A827E|lillith.zimmerman@anytime.ch|EMP-0334|2013-02-13 13:26:00
u0789|74D68985-07B2-4C56-883C-4A83D0BA54BE|jena.webster@anytime.ch|EMP-0456|2016-11-29 09:50:00
u9316|17A72233-2F8E-4858-A1EF-B1A3B7C931D2|nola.love@anytime.ch|EMP-0134|2006-12-19 13:35:00
u0132|E76F5FC0-7943-4F50-8AF1-7F2160A72F99|ivana.sweeney@anytime.ch|EMP-0147|2007-04-10 16:39:00
u9654|FF8BF454-B589-414A-AF0E-30C285E4E12B|chastity.guzman@anytime.ch|EMP-0067|2004-11-12 10:02:00
u6419|E3404ACF-804A-46C5-B2C4-3CEE341F6BE6|melanie.cunningham@anytime.ch|EMP-0049|2004-04-28 11:00:00
u9615|CEFFF613-945E-4361-ADB3-C4A2DB63E51F|gareth.jacobs@anytime.ch|EMP-0206|2004-12-23 11:18:44
u4049|56F7B776-A389-42BE-8C1A-3558E9EC100F|ryder.burton@anytime.ch|EMP-0114|2006-06-01 10:19:00
u4972|0CAF19D2-EFFB-4519-95BC-363D8626D451|calvin.mack@anytime.ch|EMP-0219|2009-05-08 16:09:00
u5135|4D1F7762-B2A7-4C80-8E29-F09E7E86660C|germane.pena@anytime.ch|EMP-0326|2012-10-30 13:08:00
u7210|EE5FFE79-6920-4AC2-92B1-A66791EC653F|kibo.rodriquez@anytime.ch|EMP-0361|2014-01-03 14:54:00
u1361|41FC7B36-25E0-4221-9955-51303F77959B|maxwell.mayo@anytime.ch|EMP-0337|2013-03-14 14:13:00
u9404|159B06FF-6941-4176-B1B2-6D9FC0B70897|ali.fernandez@anytime.ch|EMP-0020|2002-07-01 13:11:00
u0458|1DA51E69-4106-4320-8E51-1D28384C81DC|gray.kennedy@anytime.ch|EMP-0247|2010-07-09 09:14:00
u4250|B048F60A-C846-4496-936F-5B2B95838094|cullen.zimmerman@anytime.ch|EMP-0431|2016-03-02 09:40:00
u3533|BB652092-A656-474C-8A79-3E74E35AD388|roary.anthony@anytime.ch|EMP-0132|2006-11-27 16:55:00
u4471|82BBA8D9-66CF-43A4-8968-19DAB7D9D66B|chancellor.sykes@anytime.ch|EMP-0296|2011-10-26 12:14:00
u0888|237EC3D0-542A-4419-8F57-AB45659B5EC3|oleg.luna@anytime.ch|EMP-0190|2008-08-15 13:57:00
u1941|F4042C1F-1B40-4D7A-BE45-DFE9E0C8C6EA|phelan.thomas@anytime.ch|EMP-0192|2008-09-08 13:01:00
u8862|0AEC2072-C719-4AE1-B281-6A893F3C4074|adrienne.atkins@anytime.ch|EMP-0080|2005-04-20 13:52:00
u9686|924D102A-4358-49E8-9A03-5EC5A74DDECF|gillian.franco@anytime.ch|EMP-0344|2013-07-16 10:55:00
u0920|EC147529-865C-42BB-A3B3-EC7D517F16E3|dahlia.blair@anytime.ch|EMP-0121|2006-08-17 14:22:00
u5617|53A008CE-E4AF-43CC-8967-957A8724E845|calvin.phelps@anytime.ch|EMP-0106|2006-03-16 09:56:00
u7871|3AD6E6D6-4100-48EF-A963-5481C4DD4ABE|baxter.morin@anytime.ch|EMP-0039|2004-01-06 09:53:00
u0881|6CB14148-31BF-4485-B243-CC217A06E0B2|camden.goodman@anytime.ch|EMP-0393|2014-11-04 15:40:00
u6374|1CF84B32-6A12-4D7C-BD77-2C0F753616A0|ulric.bradford@anytime.ch|EMP-0335|2013-02-14 14:25:00
u2361|E6AA3158-BD82-40E3-AFAB-1EF48699B96C|louis.summers@anytime.ch|EMP-0149|2007-05-16 11:12:00
u1619|8E2076C2-5C3D-4DC9-B3D1-187F11B5D9C0|melissa.wooten@anytime.ch|EMP-0394|2014-12-08 12:00:00
u6486|03A06B80-9ECF-4387-95FA-9544D9FE2692|hayes.molina@anytime.ch|EMP-0299|2011-11-30 10:49:00
u1674|15046B94-A453-4915-87A9-8003F568A40E|martina.oliver@anytime.ch|EMP-0040|2004-01-07 11:52:00
u4566|CAE82077-86AB-422F-B4FA-0FBA16C79BD9|brenden.bush@anytime.ch|EMP-0329|2012-11-21 14:56:00
u5355|B0808113-E594-4617-BDC7-AEE62116BCA9|cecilia.flynn@anytime.ch|EMP-0275|2011-03-17 10:19:00
u7495|840869BC-7E6D-477D-AD52-7F07768A6032|robin.rasmussen@anytime.ch|EMP-0254|2010-08-30 16:26:00
u5790|3FF47319-4E71-4133-8F54-9F9572718CF8|bradley.wise@anytime.ch|EMP-0262|2010-12-06 14:46:00
u1816|1B009984-6BE9-4699-86F0-428147A512D7|karly.rivas@anytime.ch|EMP-0257|2010-09-20 09:15:00
u5621|FD62874F-C23C-4FF6-A4CD-221890FD9E43|echo.sexton@anytime.ch|EMP-0047|2004-04-05 09:25:00
u5872|95E7472A-5D2E-4E2E-8582-8C4FFC6A4CFA|sawyer.santana@anytime.ch|EMP-0412|2015-06-03 13:16:00
u9685|D430CF90-833E-4C0B-824A-4682D7F0C84D|alyssa.rhodes@anytime.ch|EMP-0173|2008-01-14 11:43:00
u8448|249B2731-7206-4046-B3C6-DF1ECC53C4EF|wylie.buckley@anytime.ch|EMP-0400|2015-02-06 12:14:00
u8910|347E4767-5641-4247-8DA1-8827C7CAE8FE|yen.rodriquez@anytime.ch|EMP-0037|2003-12-04 13:24:00
u5960|D46D54BD-B986-4B7D-A3F2-EBDAF6A6838E|ignatius.knight@anytime.ch|EMP-0130|2006-11-10 11:32:00
u8178|A94B2893-93C7-49A3-81E4-A68DBDB4AEDA|sarah.fischer@anytime.ch|EMP-0056|2004-06-29 15:09:00
u9993|AAADD943-2CD5-4B88-9DF1-A8607E6754EE|baker.perry@anytime.ch|EMP-0125|2006-09-11 10:48:00
u8962|178B9C4D-EBB9-4050-8D6A-07155F8AFDC4|tanner.duffy@anytime.ch|EMP-0088|2005-08-12 12:25:00
u2113|C8F42469-0FF3-4BC2-8835-B46D676DA3DC|honorato.rocha@anytime.ch|EMP-0086|2005-08-02 12:49:00
u9508|6C5AF86F-DFEE-419E-8B71-4168AC4E690F|randall.gould@anytime.ch|EMP-0387|2014-09-23 15:09:00
u9009|BD4D4BD4-5019-41F5-90F9-9C8176761B9A|carla.morton@anytime.ch|EMP-0237|2010-02-10 12:59:00
u1645|D0AA84C4-5259-4A78-ADA0-8F6BE52326FC|sade.rodriguez@anytime.ch|EMP-0036|2003-11-13 14:10:00
u1995|F0C7670C-958F-45C5-BBF2-F423C9AAD9CB|christen.leonard@anytime.ch|EMP-0210|2009-02-27 10:06:00
u4310|FAAE8332-80BD-4D69-BAD6-C062CE539ACE|phillip.bowman@anytime.ch|EMP-0356|2013-12-06 15:18:00
u0070|E79DE610-DF8A-4C9D-964D-6829448A3C26|michael.gill@anytime.ch|EMP-0426|2016-01-22 15:37:00
u1661|EF9C186C-A077-46DC-A2CF-C12163BA99C1|evan.coleman@anytime.ch|EMP-0096|2005-12-01 12:34:00
u7533|26DE2C7D-7C05-43EB-9DF2-15959B35CA62|chava.gilbert@anytime.ch|EMP-0409|2015-05-04 13:22:00
u2228|095814B0-646C-4E3F-8CCA-7DB6A247424D|harrison.levy@anytime.ch|EMP-0278|2011-04-18 09:49:00
u3563|09466DC9-928D-4721-8490-DF809BB37722|wing.klein@anytime.ch|EMP-0404|2015-03-12 14:10:00
u4098|4A37CEB7-254C-49AF-836D-74EADA3D4502|austin.barber@anytime.ch|EMP-0263|2010-12-13 14:11:00
u6683|1C444581-0355-4E9C-AC19-98C6DD55936A|myra.haynes@anytime.ch|EMP-0342|2013-06-17 11:48:00
u1539|DEC44E0D-F78B-4FAB-B814-8F5AACA0915B|clayton.townsend@anytime.ch|EMP-0001|2002-07-01 15:52:00
u1625|6871F426-DE8A-4DC8-A9BE-CE94C33F22F7|linus.ayala@anytime.ch|EMP-0453|2016-11-11 10:42:00
u4468|8FCDD6AE-DE62-4D13-9F84-91210FB941BB|leah.beach@anytime.ch|EMP-0212|2009-03-02 14:50:00
u3444|82715304-5627-4A86-AF54-19AF5091CCAE|emmanuel.santana@anytime.ch|EMP-0122|2006-08-18 15:05:00
u5546|03D986F6-AFFB-4230-AFE9-EB167E8A649F|camden.copeland@anytime.ch|EMP-0072|2005-03-03 12:18:00
u1299|3B752A47-ABC2-46C7-B121-EBA087EFD249|ishmael.pickett@anytime.ch|EMP-0013|2002-07-01 15:35:00
u2491|DCA823CB-DD30-46A4-8C7E-278214D7297F|nash.blair@anytime.ch|EMP-0228|2009-07-31 10:36:00
u7021|EFEAE91C-5A3E-4B32-B913-B6AA11302AEF|emerson.dickson@anytime.ch|EMP-0271|2011-02-25 10:00:00
u8718|6851EDDB-3AD1-4EA0-8A3D-FE85087CC6A9|shelly.burt@anytime.ch|EMP-0417|2015-08-06 09:19:00
u9114|E1569C5D-9408-46FE-9397-05028C3ED8E1|britanney.gordon@anytime.ch|EMP-0378|2014-06-03 09:49:00
u3269|1B3645EB-5697-46F0-8A34-B5E07D5DF77D|ila.irwin@anytime.ch|EMP-0430|2004-12-30 14:37:13
u7787|C9BDEE4B-24CA-4F62-A837-57DF4BB599B7|vance.cunningham@anytime.ch|EMP-0074|2005-03-15 13:34:00
u8540|4AB46975-19C7-48BB-8DD9-38086B659CA9|knox.pollard@anytime.ch|EMP-0081|2005-04-25 09:35:00
u6174|76582AE7-B3B0-4B1A-BEA3-494375B1E777|ila.delaney@anytime.ch|EMP-0267|2011-01-03 09:03:00
u4114|360175BF-612D-4B04-8667-CD358F9542A2|trevor.nicholson@anytime.ch|EMP-0041|2004-02-19 14:02:00
u1745|996F01A7-644A-4B3E-ABF0-BA3F98E90181|len.downs@anytime.ch|EMP-0441|2016-06-14 09:26:00
u4499|C7CD4894-5EE7-490D-AB8D-AAEB2B77214F|tallulah.bartlett@anytime.ch|EMP-0349|2013-08-28 10:24:00
u4908|86946B50-BD02-4E10-AF87-1D204A13D6EB|brent.morrison@anytime.ch|EMP-0315|2012-06-21 10:01:00
u2853|BD0DDE6F-8604-4441-9E78-34B47DC4279B|zephania.burnett@anytime.ch|EMP-0367|2014-03-07 13:45:00
u9175|8EFF600A-BF7C-484D-B0C7-1527D64427FF|moses.suarez@anytime.ch|EMP-0117|2006-07-05 16:24:00
u9841|35D9CC73-E90E-47F0-953E-5E353FC60A6B|tad.ward@anytime.ch|EMP-0363|2014-01-30 12:45:00
u0965|080C6CA9-B4ED-4214-BC68-4637D5ED47B1|velma.christian@anytime.ch|EMP-0397|2015-01-27 10:45:00
u7548|A55B264B-43FF-4BF1-999C-8A410E814751|forrest.merrill@anytime.ch|EMP-0406|2015-04-07 16:41:00
u9372|2EC29731-90C1-49F0-A6EC-696E889A4229|elijah.tran@anytime.ch|EMP-0268|2011-01-06 09:13:00
u4646|76A94222-2DCD-4220-8008-EB6AE1DDD4D0|philip.conway@anytime.ch|EMP-0270|2011-02-09 16:39:00
u0916|9B9FAEC6-DAD8-44D1-A25C-1EB89738140B|alana.woodard@anytime.ch|EMP-0194|2008-09-09 15:33:00
u4733|8A4D4C69-4EEE-4E6A-8ABB-BA6CF919BD43|hayley.watkins@anytime.ch|EMP-0239|2010-03-31 16:45:00
u1584|D7D3560B-9FCE-48F8-96EC-257219EA568F|erica.parker@anytime.ch|EMP-0259|2007-02-01 12:28:11
u4799|563B52DD-508E-4DBF-9DBA-1464086269F8|stone.berg@anytime.ch|EMP-0434|2016-03-29 11:17:00
u7773|DF679D51-BBC3-45DC-96EC-3A90A0724B47|henry.payne@anytime.ch|EMP-0425|2016-01-13 16:41:00
u8611|30309F9D-A88A-4C9A-B4F6-7E4E36FBCF4D|athena.riggs@anytime.ch|EMP-0343|2013-07-10 13:56:00
u3410|657783E8-FBC0-4335-A74E-1D580001DC86|harrison.mckee@anytime.ch|EMP-0328|2012-11-14 14:01:00
u3518|26C58368-C4DF-4E82-A576-80607B915078|keane.sharp@anytime.ch|EMP-0242|2010-05-18 12:22:00
u6064|95BEE393-E53A-45D9-9127-A8F87ECB657E|nigel.buckley@anytime.ch|EMP-0165|2007-11-06 14:28:00
u0681|C6204C80-C464-42F6-9C13-C4F486C2AD30|akeem.berger@anytime.ch|EMP-0276|2011-03-29 09:40:00
u4832|693233B7-B893-4BE4-8283-93A3354BB99E|giselle.clarke@anytime.ch|EMP-0314|2012-06-04 16:29:00
u7529|70344B7C-4AF1-4DF9-BA54-BAEA1266A80C|reuben.henderson@anytime.ch|EMP-0029|2003-08-04 11:04:00
u0534|4EA9EB12-AFD2-431F-B415-5E932449DE46|shea.spencer@anytime.ch|EMP-0445|2016-09-01 11:16:00
u0614|54464580-9155-460F-AA7B-E98679E563F9|vladimir.todd@anytime.ch|EMP-0224|2009-06-02 13:57:00
u0452|0CD1B7BE-CA6E-4D92-8213-6E524A90F7D2|valentine.fuentes@anytime.ch|EMP-0172|2008-01-03 14:11:00
u7121|E094CAE1-F069-4FA4-9A71-9E25A8664BA4|ruby.york@anytime.ch|EMP-0252|2010-08-09 16:50:00
u8134|94E6B070-94C6-425F-976D-0C05EDBC930D|sandra.hanson@anytime.ch|EMP-0304|2012-02-14 13:01:00
u6444|25107A58-54EF-4AEB-B0B3-70C02B0E0D33|margaret.sweet@anytime.ch|EMP-0414|2015-06-26 13:06:00
u8473|1BF1D2BF-D90A-4F27-B3CB-9691EFFAABE1|griffin.tucker@anytime.ch|EMP-0216|2009-04-28 15:37:00
u4088|6ECC433B-9C5F-43A7-BBA5-46DF3043263D|kirk.hobbs@anytime.ch|EMP-0208|2009-02-04 14:00:00
u2594|A0FC2993-9C0D-46AC-A663-9D553ABAE800|lionel.waller@anytime.ch|EMP-0325|2012-10-12 13:30:00
u7781|F570EDA4-7215-4A66-A473-1276F4D494D1|michael.osborn@anytime.ch|EMP-0340|2013-06-05 16:44:00
u4954|17F87E92-91C3-47B8-9F05-B716E7E43394|cameron.webb@anytime.ch|EMP-0371|2014-05-07 15:28:00
u0352|C994BE91-C37B-4E5C-A335-F59282D14577|elijah.workman@anytime.ch|EMP-0297|2011-11-09 13:15:00
u4414|2EBBE274-A218-42C4-B577-AC28F62FC91A|joel.patel@anytime.ch|EMP-0423|2016-01-04 14:49:00
u7791|53676C9D-81C8-4652-BB56-3B487F56C7F1|lester.rush@anytime.ch|EMP-0012|2002-07-01 09:21:00
u7898|589BE495-D044-4E70-83F8-262F76AD016B|fuller.padilla@anytime.ch|EMP-0351|2013-09-18 16:08:00
u0836|94B9F746-5854-4353-AD52-10AF788D003E|ralph.silva@anytime.ch|EMP-0303|2012-01-25 11:31:00
u1481|28756AEA-D4E9-4D2B-AA6E-28E8DCE26478|jordan.bender@anytime.ch|EMP-0331|2012-12-05 09:55:00
u3351|6FFAC0B7-2F02-466F-97AE-25BB1A867714|maggie.snow@anytime.ch|EMP-0446|2016-09-15 11:48:00
u7823|39FB5DEF-5FAC-4412-B9A6-B78F89DBE02C|amos.glover@anytime.ch|EMP-0366|2014-02-26 12:55:00
u8024|E8796EB9-637E-497B-8AA6-50803777EC24|benedict.cote@anytime.ch|EMP-0162|2007-09-28 16:04:00
u1171|883E9AB6-DABE-411A-A161-F3261F5CC00E|colin.franks@anytime.ch|EMP-0184|2008-05-07 15:22:00
u0272|29724DAE-65AA-4672-853F-CA945C9A66A6|denton.love@anytime.ch|EMP-0440|2016-05-26 09:27:00
u4036|F5971B8B-4DBA-4933-9ECC-F5DD2C22B5A6|stephanie.hatfield@anytime.ch|EMP-0030|2003-08-21 12:49:00
u6540|B49F5FB0-15F0-469D-BA11-E5FD4BDA1CEE|elijah.stephenson@anytime.ch|EMP-0294|2011-10-20 12:38:00
u9589|A8121BBC-AED6-4A99-A12A-99B52076345A|brent.huber@anytime.ch|EMP-0025|2003-07-25 15:23:00
u6221|5ED150BD-25EC-4680-8D24-7D8E1492B35C|lucius.yang@anytime.ch|EMP-0070|2005-01-31 14:52:00
u6294|46EEFBC3-82E6-4675-A2A1-DB6CE66B5468|nehru.brock@anytime.ch|EMP-0042|2004-02-26 11:51:00
u1759|57D0C453-182B-4C8F-A34F-774D229A09D2|justin.bernard@anytime.ch|EMP-0411|2015-06-01 11:22:00
u8419|E2D65D31-344A-4726-B8D2-A310402DE58D|quin.delacruz@anytime.ch|EMP-0045|2004-03-09 14:55:00
u5119|A96F004A-F16A-4C56-B7DB-77CB3C9B5894|jordan.battle@anytime.ch|EMP-0107|2006-03-27 09:20:00
u7674|A702AEAB-BA0A-4F81-BD6B-41F46970B505|lee.hooper@anytime.ch|EMP-0285|2011-06-06 11:00:00
u1386|A6D2E670-1E89-42DC-AC60-F10C48BB8F3C|damon.fisher@anytime.ch|EMP-0282|2011-05-20 15:39:00
u9205|99BC3DDD-0820-428B-89B0-896811D7A95E|violet.blankenship@anytime.ch|EMP-0075|2005-03-14 11:38:00
u6560|EECBFE96-56CC-4CC7-86A3-BF3041C24164|molly.camacho@anytime.ch|EMP-0062|2004-10-07 14:51:00
u2375|7A587E1C-8F7B-4FFE-A2F5-D141E0303811|sydney.beach@anytime.ch|EMP-0288|2011-06-22 14:16:00
u5123|53471F36-24A6-418F-A217-16A3AEE2F5A5|eaton.meadows@anytime.ch|EMP-0251|2010-08-12 11:22:00
u9452|FB52C1B7-54E7-423D-9309-14489BFE375C|yoshio.sheppard@anytime.ch|EMP-0310|2012-04-12 12:56:00
u6793|0E5276A1-5BEA-4228-B4D7-5F02A590D9BC|sebastian.mcleod@anytime.ch|EMP-0439|2016-05-12 14:48:00
u0775|952F9E02-EF36-45C5-86EE-B286565FF2D6|charde.zimmerman@anytime.ch|EMP-0362|2007-01-18 09:23:14
u4278|5FFA723E-4A53-42F6-9634-C069BFEECC50|leonard.fowler@anytime.ch|EMP-0455|2007-05-31 15:26:38
u8945|114A6D2E-D998-4737-82EB-AF5414666702|rudyard.york@anytime.ch|EMP-0009|2002-07-01 10:18:00
u4998|D9D9263A-C7E9-4ABC-AEA2-41A9E4201A9E|claire.justice@anytime.ch|EMP-0433|2016-03-21 15:42:00
u0547|B42329C7-FBCD-4D85-B12C-DF3F2FBB34D6|gil.newman@anytime.ch|EMP-0018|2002-07-01 16:58:00
u9469|AC67A6DE-521E-41A3-B1FF-8E1F7C2E5095|blossom.barnett@anytime.ch|EMP-0144|2007-03-20 16:59:00
u3130|07006EBD-0100-40BA-B44F-788B96B9ADE7|bruce.barlow@anytime.ch|EMP-0280|2011-05-18 16:04:00
u7973|2BD2A93A-2C41-45D0-8B51-D7A83D454E2F|malik.cantu@anytime.ch|EMP-0057|2004-07-28 10:36:00
u9329|4850F9CF-A975-4065-8537-656512B384A5|jonah.guthrie@anytime.ch|EMP-0058|2004-07-30 09:49:00
u1520|BA76DC1C-CBC5-4B6A-BD2F-D8FF5FDBAA51|bruno.fulton@anytime.ch|EMP-0451|2016-10-25 14:00:00
u3016|F4AF743A-FC40-46E1-B9BE-7DAC1F9F1A83|lacota.stein@anytime.ch|EMP-0102|2006-03-03 16:45:00
u1345|380FE1E1-4899-41A8-BCF8-A0700B167E2A|buckminster.vance@anytime.ch|EMP-0279|2011-05-09 16:30:00
u9528|8B2D771E-419D-4B21-A23E-80C40749FA01|anthony.burris@anytime.ch|EMP-0155|2007-08-07 11:54:00
u7045|64E7683C-4310-485D-A962-D30E1E749C5B|kaseem.herring@anytime.ch|EMP-0377|2014-05-27 09:15:00
u5363|B07A216C-87B2-477B-9870-F0B83D0FA5A2|kylynn.sampson@anytime.ch|EMP-0059|2004-08-02 15:45:00
u5651|C8E9C1F1-4E26-4111-B647-E3CEA0FCC5F9|wallace.frederick@anytime.ch|EMP-0408|2015-04-17 14:24:00
u7709|5A419535-484C-4913-AFBA-4A41892C0976|hunter.hooper@anytime.ch|EMP-0316|2012-07-09 16:16:00
u2551|9A0803F8-21DC-4F0D-851F-7964E053D0F8|yael.delacruz@anytime.ch|EMP-0151|2007-06-07 11:07:00
u8544|30357611-9FF7-4EA1-B982-565CDD682C07|jelani.hall@anytime.ch|EMP-0077|2005-04-15 09:15:00
u5172|67A1803C-9DCE-4F79-87A7-6B6D0A377E5B|chadwick.harrison@anytime.ch|EMP-0368|2014-03-28 16:34:00
u2139|00F93192-2482-43E4-B8B5-FD99FA002AF8|berk.alexander@anytime.ch|EMP-0246|2010-07-06 15:15:00
u8487|BCDCEACF-DC14-49B4-927E-53DA9232C279|katell.bray@anytime.ch|EMP-0157|2007-08-20 11:21:00
u5286|639887AD-F49B-4319-A3FD-5CF7FC53C3CA|catherine.booker@anytime.ch|EMP-0274|2011-03-03 15:54:00
u0031|AE6AF517-4AB8-4E4A-81ED-A6FF913D32E9|keefe.colon@anytime.ch|EMP-0207|2009-01-05 11:18:00
u7000|079B1825-D302-4005-BF61-E2F16210C0CE|vladimir.lawrence@anytime.ch|EMP-0291|2011-08-22 14:09:00
u4418|9065B026-47C1-4FC3-8A5D-81A1CD42E222|adrian.young@anytime.ch|EMP-0066|2004-11-01 09:20:00
u9138|127264FE-1985-4AF7-A810-6A52C765F0B0|bo.dillon@anytime.ch|EMP-0448|2016-09-20 15:58:00
u2033|BA7C5019-969F-4C7A-933B-0E933A2BF639|wyoming.rasmussen@anytime.ch|EMP-0422|2015-12-29 16:14:00
u9625|2F5E5DEB-0A5D-4FB5-855A-FA0567408757|fulton.farrell@anytime.ch|EMP-0137|2007-01-15 13:16:00
u9717|BCC235AD-415A-495F-9721-F949CF708297|plato.burt@anytime.ch|EMP-0214|2009-04-07 09:39:00
u9412|61E7B61B-DD1B-415E-9E8E-27D9E45F9D72|madeline.woodard@anytime.ch|EMP-0218|2009-05-04 16:28:00
u0345|03F4833E-519F-411F-B144-3BB558E5C866|jameson.franklin@anytime.ch|EMP-0026|2003-07-28 11:51:00
u0124|C9D25DC8-561A-404E-BE81-B08AD727D61E|josiah.bates@anytime.ch|EMP-0385|2014-09-08 10:01:00
u7006|46F6F43E-EE67-4E08-9625-2149C43CDA23|orla.hoffman@anytime.ch|EMP-0163|2007-09-27 10:00:00
u4429|6BDBD3D5-CF72-49F8-829A-DF5993FA2777|paula.holman@anytime.ch|EMP-0043|2004-03-05 09:11:00
u7676|57C254A0-39CF-47A3-A8C4-10F29D94DD23|angelica.green@anytime.ch|EMP-0193|2008-09-08 09:28:00
u4776|6A026370-8B31-4D5E-8375-04B0BC3735D5|len.fisher@anytime.ch|EMP-0320|2012-08-15 16:37:00
u4977|493D7DE8-40AE-4295-A1AD-C2DCFE3BD0D5|tatiana.frost@anytime.ch|EMP-0365|2014-01-30 12:45:00
u8859|4D8E4FF7-4686-48B8-85B1-D9085D44773D|cole.maldonado@anytime.ch|EMP-0138|2007-01-26 14:50:00
u6269|9F353B49-8A37-45CD-AA58-CAAF196984C2|elvis.sellers@anytime.ch|EMP-0197|2008-10-02 09:00:00
u2631|374EE7BE-B286-4A03-8FB8-EF38B7672627|galena.castro@anytime.ch|EMP-0054|2004-06-09 16:22:00
u0651|975A075B-72CA-4D10-909D-94F770C9E584|stone.guzman@anytime.ch|EMP-0220|2009-05-11 13:40:00
u3477|DF7AD6DE-BA3A-454F-A702-828376E0B3C0|graham.rocha@anytime.ch|EMP-0306|2012-02-23 15:45:00
u1448|C0B8AC2E-5945-4BA0-93BB-A590B022D7D7|elvis.golden@anytime.ch|EMP-0097|2005-12-19 13:07:00
u3977|C6DDBFBB-9AAF-48E9-AF0C-44573DDCB233|john.smith@anytime.ch|EMP-0148|2004-12-23 09:02:22
u4596|D9F90083-C91D-4E99-B848-BD31A691BDCF|zane.rose@anytime.ch|EMP-0174|2008-02-05 14:49:00
u3323|38397D78-2268-4EE3-9ECA-B65E573700CB|mufutau.trevino@anytime.ch|EMP-0094|2005-10-17 10:35:00
u2550|503083B8-8CEE-414B-AD1B-DF41744648A2|shelley.love@anytime.ch|EMP-0354|2013-10-28 16:34:00
u8959|45BEF882-577E-4D9C-BEC3-CFD087EB7B64|allen.roberson@anytime.ch|EMP-0374|2014-05-19 12:17:00
u4866|A2FD67AF-F7DF-4494-B933-226C94354273|zenia.reid@anytime.ch|EMP-0143|2007-03-05 16:45:00
u1523|EEFB6953-3236-445C-A631-EA419CECCF40|caldwell.howard@anytime.ch|EMP-0028|2003-07-30 11:57:00
u4611|130D505D-5715-490B-B7C9-3209F023F2AB|denton.guzman@anytime.ch|EMP-0360|2014-01-03 12:11:00
u4539|E55CBEAE-CF24-4081-A478-F4F90DF051B7|samson.hays@anytime.ch|EMP-0073|2005-03-07 09:07:00
u2632|CF047B97-3BA9-413C-B642-784E699FEC9F|haviva.harper@anytime.ch|EMP-0177|2008-02-27 10:15:00
u9885|0FF17FC7-CB32-420A-A170-760DA5125090|sharon.juarez@anytime.ch|EMP-0021|2002-07-01 15:46:00
u8766|229CAA43-3730-46C3-A22B-0FC84084C896|shad.duffy@anytime.ch|EMP-0389|2014-10-02 16:41:00
u2266|D026F268-4E69-4866-95D7-005EF7F3553C|orli.higgins@anytime.ch|EMP-0091|2005-09-05 13:12:00
u1644|6531CF51-AA21-4FB1-BCF4-969F7067D484|rhona.frederick@anytime.ch|EMP-0076|2005-04-06 12:17:00
u2464|3FC367D9-1FC1-4053-8410-2C94100256C0|amos.moody@anytime.ch|EMP-0200|2008-10-24 16:26:00
u9491|123E647D-F4EF-4AF0-8F58-467AB7ACA127|hillary.drake@anytime.ch|EMP-0311|2012-04-30 09:16:00
u8422|6B252722-77C7-4892-8E37-E174B414C848|magee.cannon@anytime.ch|EMP-0160|2007-09-10 14:39:00
u7903|577BD51A-AE80-4133-856D-2584C6E2BDB9|rahim.wilkinson@anytime.ch|EMP-0319|2012-08-13 12:46:00
u3944|5CF89FF6-CA19-4D34-87B1-3515022A468E|hector.bean@anytime.ch|EMP-0309|2012-03-28 13:42:00
u0712|E2C07653-553A-4D38-A196-1DC33A5FD77F|elijah.gillespie@anytime.ch|EMP-0398|2015-01-28 12:25:00
u2122|350F4CB3-FB28-428D-8252-982A1C829493|alfonso.conrad@anytime.ch|EMP-0110|2006-05-05 13:00:00
u2981|F2632B90-C4C5-4BE8-9411-2425E4EF37EA|davis.anthony@anytime.ch|EMP-0301|2011-12-20 11:08:00
u6601|56BB1963-EE43-4E7D-805A-54FB6CD850A3|yoshio.pierce@anytime.ch|EMP-0078|2005-04-15 10:14:00
u4842|C7B2A8E3-2C28-46C1-9B99-561C8EB8E5EC|fatima.crane@anytime.ch|EMP-0154|2007-07-24 14:52:00
u7239|F476C84A-4675-492C-9D4E-9EC1FFCC08B1|ruth.roy@anytime.ch|EMP-0063|2004-10-12 10:19:00
u4384|3179A28A-A4EF-42F5-A169-70C602ABE0C3|ezra.hahn@anytime.ch|EMP-0038|2004-01-05 15:03:00
u9603|F39AB982-5907-4F5D-84DD-A1A071A68F3C|sierra.webb@anytime.ch|EMP-0415|2015-07-10 09:24:00
u0823|74CDFB4A-6208-4F84-97E8-C92001DEEB4C|wanda.griffith@anytime.ch|EMP-0427|2016-01-25 15:21:00
u8284|2666C0FA-257E-40DE-9344-07099B3A4A9D|graceatkinson@anytime.ch|EMP-0011|2015-01-11 14:17:44
u7014|C1B59C6C-CA2B-4FCF-AC09-2BCAB25E06EE|john.goodwin@anytime.ch|EMP-0300|2011-12-15 15:12:00
u8811|7D0746D9-AF24-490F-8678-8C0CF142EBD7|brian.morrison@anytime.ch|EMP-0273|2011-03-02 15:28:00
u4327|ABE89AFF-2A39-43A2-AB2D-51DEED8FE8FA|allegra.burnett@anytime.ch|EMP-0128|2006-10-30 11:15:00
u8295|2F651AEE-7AB6-45B3-9DD2-96ECE34C329B|rowan.serrano@anytime.ch|EMP-0313|2012-05-21 10:35:00
u8926|F75D96C9-858C-47E6-A6A0-EFBEA819D5D4|samantha.wiggins@anytime.ch|EMP-0027|2003-07-29 11:16:00
u8228|C54AFE62-558C-4B0A-A430-DA1298FC3F43|kylynn.whitaker@anytime.ch|EMP-0141|2007-02-19 15:06:00
u8319|AE94EC8D-90CE-4632-9B91-B1716FD9F7FB|carl.sharp@anytime.ch|EMP-0454|2016-11-22 12:12:00
u0830|32C1337B-E289-46B1-B815-160478282B58|maxwell.frost@anytime.ch|EMP-0369|2014-04-15 15:27:00
u6397|4D5FEFDC-E0DB-4AE5-B8BC-1C69F43CE6C1|philip.vega@anytime.ch|EMP-0170|2007-12-18 09:34:00
u6927|99A9D29C-EDDD-4C80-BCB3-2BB000A71A8B|gemma.ball@anytime.ch|EMP-0113|2006-05-29 13:53:00
u8906|7FEBB301-B4CD-48D8-9579-7980D099903D|coby.huffman@anytime.ch|EMP-0217|2009-04-29 14:20:00
u5062|D7ED108B-0350-42CB-905A-AB8863763DDA|wyatt.gibbs@anytime.ch|EMP-0283|2011-05-23 13:50:00
u1409|3EADC95D-FCAB-48D3-9057-3013D74BCA36|stephanie.dixon@anytime.ch|EMP-0126|2006-09-22 15:57:00
u7443|24D1CDE8-8C91-4702-AEBC-EEA185A66880|kameko.curry@anytime.ch|EMP-0444|2016-08-17 15:00:00
u5983|1AA07235-B668-450E-9F4A-FBF60D99922B|timon.randall@anytime.ch|EMP-0111|2006-05-16 14:44:00
u1425|802E6544-4136-4E3D-97E1-85FAC3F27C5C|serina.holcomb@anytime.ch|EMP-0373|2014-05-13 12:03:00
u8466|25F03111-3A78-434A-A0D1-519B3174BC0A|constance.hendrix@anytime.ch|EMP-0090|2005-09-05 09:30:00
u5222|3483CB0F-B853-4EC2-B44C-4D822D637F3C|hunter.roberts@anytime.ch|EMP-0338|2013-05-06 10:52:00
u4386|6661948B-8A68-4AC1-A1B8-1179009EF7E5|laurel.white@anytime.ch|EMP-0023|2002-07-01 09:30:00
u1890|20464564-98A1-443E-A3D8-103874B97D93|melissa.acevedo@anytime.ch|EMP-0284|2011-05-23 09:10:00
u2767|11DDD14D-0BC9-47B3-8291-A2E18B2B0932|len.pollard@anytime.ch|EMP-0341|2013-06-11 13:30:00
u3440|AB39B37F-8E6B-495D-A213-E8343107FC56|chelsea.gilliam@anytime.ch|EMP-0277|2011-03-30 12:10:00
u8204|AA1A1E8E-9D6D-4D95-A08B-BB8966B60BC6|grace.atkinson@anytime.ch|EMP-0011|2002-07-01 11:57:00
u1611|F647662F-B768-4466-926A-3CBBC4409B00|talon.cohen@anytime.ch|EMP-0429|2016-02-24 16:38:00
u1156|0B185A31-0995-4F5C-8640-022F81128B05|alden.wilcox@anytime.ch|EMP-0324|2012-10-01 14:55:00
u0037|66A6FD8E-BCE5-4997-B3E5-0A1781A367B5|marcia.garcia@anytime.ch|EMP-0071|2005-02-01 13:46:00
u5852|69313BC0-AB38-46B0-96CC-CAB6097DFC75|vaughan.suarez@anytime.ch|EMP-0085|2005-06-14 09:53:00
u3290|DB3B5078-8745-4B85-BF0B-D30AAA673D54|alexander.giles@anytime.ch|EMP-0230|2009-09-07 15:29:00
u1585|7B71158C-3458-4AE4-A97B-77EC52DE89DB|angela.booker@anytime.ch|EMP-0179|2008-03-25 11:39:00
u8827|F4B2846D-9AED-4B91-9A52-6ED948F36A22|alexander.salas@anytime.ch|EMP-0120|2006-08-16 09:38:00
u5332|CFDDF313-DBF5-4EF5-A209-798230242DCF|vladimir.blackburn@anytime.ch|EMP-0185|2008-06-04 09:59:00
u0679|81CCE90F-C05E-4250-A067-3BB8A523902C|lysandra.wright@anytime.ch|EMP-0225|2009-07-02 12:52:00
u5205|CD1BCFC3-1FCF-41D8-BF13-7CAA98D6FBA8|mechelle.finley@anytime.ch|EMP-0211|2009-02-25 13:08:00
u1066|E0F530C4-4360-4541-8CCC-B592775682A5|chaney.odom@anytime.ch|EMP-0017|2002-07-01 13:17:00
u5739|06F19E10-E870-4A4F-9623-6CB22E14892B|chaim.griffith@anytime.ch|EMP-0355|2013-11-29 13:03:00
u2788|5B2BB804-8320-4712-B1BE-B4F2104C6542|neville.cooley@anytime.ch|EMP-0087|2005-08-03 11:10:00
u0446|0AE502AD-2D18-4CF2-830B-6D5D1209AF3F|hyatt.mclaughlin@anytime.ch|EMP-0235|2009-12-11 12:26:00
u4474|AEE9DD09-818A-492D-9FC2-43186846A9D5|montana.ramirez@anytime.ch|EMP-0191|2008-09-04 09:39:00
u6033|C16E1DFF-8BF9-4EC3-9898-4B6594041B0C|lance.henderson@anytime.ch|EMP-0116|2006-06-28 13:26:00
u4659|D6C24D73-C06D-4430-81D0-2BF7537A3EA2|nash.sanford@anytime.ch|EMP-0164|2007-10-26 16:53:00
u9516|CB6E8A21-1515-4AB4-87C6-1FA2B828BFE5|desirae.miles@anytime.ch|EMP-0443|2016-08-17 15:54:00
u4590|8362BC76-D898-4EA2-A858-B6F4FD82A5B4|brennan.black@anytime.ch|EMP-0109|2006-04-24 15:56:00
u2181|42F8F767-CEEF-453F-9BBE-0AFCD0DC76EF|jakeem.norris@anytime.ch|EMP-0024|2003-07-08 16:31:00
u9510|4ABCE13F-1946-4161-B7D1-B07EFADC717F|ariana.watson@anytime.ch|EMP-0129|2006-10-31 11:14:00
u2479|4CACDF5D-368A-4573-8A87-F9AED47AC63B|igor.riddle@anytime.ch|EMP-0161|2007-09-17 14:42:00
u0953|C72C5919-25FD-48B5-A0BA-38D1F37832CC|veronica.mcguire@anytime.ch|EMP-0146|2007-04-10 13:05:00
u1023|76BEB9EC-ECB3-48C6-8E6F-964A4CDAF29C|clinton.sparks@anytime.ch|EMP-0133|2006-12-11 13:14:00
u3538|E89526E7-43EF-47BC-AF8A-EFE6D83CC912|nyssa.mack@anytime.ch|EMP-0014|2002-07-01 11:30:00
u6773|67BDDC69-55DF-4995-8FC4-2DEF9B69A287|steel.norris@anytime.ch|EMP-0395|2014-12-30 12:26:00
u2204|F0DF4B8A-56F2-4AC2-ACA9-F3BAD5B1F7E3|elvis.harris@anytime.ch|EMP-0181|2004-12-23 09:11:47
u3382|D095CD34-9717-409B-826E-4FEB32D567E8|jordan.schroeder@anytime.ch|EMP-0305|2012-02-15 13:16:00
u8768|57A7EC98-F1B6-461F-8BEC-010D8405E214|kyla.grimes@anytime.ch|EMP-0044|2004-03-03 11:19:00
u2626|592ABADF-F8EE-4306-AD92-BC24E7CE8695|ivan.thornton@anytime.ch|EMP-0158|2007-08-28 09:16:00
u4208|F1E49652-DCE4-4460-A25F-9700B63250E6|jayme.contreras@anytime.ch|EMP-0231|2009-09-22 16:22:00
u8757|FF55405B-5ABE-461B-8E19-31004B6009CA|abdul.noble@anytime.ch|EMP-0226|2009-07-06 13:21:00
u0416|AFE8ECE9-FC5D-4D2C-93D7-EC90A39E1127|kadeem.harrison@anytime.ch|EMP-0405|2015-03-25 10:13:00
u1707|72F46715-F4A3-4086-9B2F-D26AFD0AE137|kyla.mcconnell@anytime.ch|EMP-0215|2009-04-14 10:41:00
u7882|5A46286C-064F-4BC0-9552-34A367CDB3FC|coby.sweeney@anytime.ch|EMP-0289|2008-10-30 12:46:01
u9985|57799A6F-F1BF-4365-A6F0-9DED3D43982D|iris.gill@anytime.ch|EMP-0449|2016-10-03 10:29:00
u2446|DA238670-562A-4C49-8F5D-3D9467C7A787|sara.serrano@anytime.ch|EMP-0140|2007-02-08 15:46:00
u0612|F63D388B-A9F1-45F1-A811-D4BED040CB41|lance.terry@anytime.ch|EMP-0266|2010-12-30 13:29:00
u0574|39708BBA-361F-4653-B719-6B1DD420CFDA|cody.schwartz@anytime.ch|EMP-0131|2006-11-24 12:22:00
u5063|3C809668-B8DB-4435-8AD0-8B6B9D16EB59|moana.hart@anytime.ch|EMP-0357|2013-12-09 13:45:00
u0858|2C256B92-B234-4838-AC91-CAF2DEAE8107|vance.raymond@anytime.ch|EMP-0245|2010-06-16 16:38:00
u2806|3092D869-1244-49B6-ADF3-E65945709BC9|glenna.curry@anytime.ch|EMP-0015|2002-07-01 14:53:00
u0355|5AC03B38-6DFE-4FE7-838B-D2BE4D494379|alan.stark@anytime.ch|EMP-0095|2005-10-18 16:52:00
u1115|A990AC56-AEAB-4458-BBD6-4ED449FE7322|kirby.sweet@anytime.ch|EMP-0005|2002-07-01 13:01:00
u0600|75EC7BF9-65AB-4E2F-A043-AAC91ED5FEAB|brian.callahan@anytime.ch|EMP-0092|2005-10-11 11:11:00
u4994|981A7F49-B5F6-4B80-A097-143BF5B647FF|silas.hancock@anytime.ch|EMP-0323|2012-09-18 12:39:00
u2578|FE879414-FEF6-47ED-9556-9D7CDA29A3EF|claudia.yang@anytime.ch|EMP-0401|2015-02-04 10:38:00
u6717|1DDB7CCA-F21C-4CEF-A193-5AD21D0EF6F1|aurelia.nixon@anytime.ch|EMP-0420|2015-11-05 16:33:00
u3071|59197426-EF52-43FB-B360-DBA1AA833EBF|barbara.phelps@anytime.ch|EMP-0424|2016-01-06 12:54:00
u8416|3141EC67-0130-4E5B-BA4B-077ADE120C2D|finn.wiley@anytime.ch|EMP-0124|2006-09-04 09:37:00
u2822|C88FD927-72FB-403B-8ACC-54FDCBAE0544|clarke.barton@anytime.ch|EMP-0364|2014-01-28 14:09:00
u8049|E4180285-F2EC-48DD-AC45-4BE1FB31219C|harding.holmes@anytime.ch|EMP-0168|2007-11-27 09:39:00
u0857|4CFF7828-2DCD-4F0E-8B52-C827ABCF0A88|marvin.jacobs@anytime.ch|EMP-0016|2002-07-01 16:51:00
u3153|A03E5399-0434-4C5A-85D3-02AB10D8A71A|emerald.weber@anytime.ch|EMP-0083|2005-05-09 14:37:00
u7577|9C744180-0E68-4184-8038-47CED248D284|oscar.bond@anytime.ch|EMP-0003|2002-07-01 14:24:00
u6238|B558367E-B045-4F01-9895-AC9704DF4BC8|risa.manning@anytime.ch|EMP-0421|2015-11-23 12:28:00
u6504|74C6C5E0-4687-4387-8947-E7F762AA032C|august.brennan@anytime.ch|EMP-0195|2008-09-11 16:18:00
u9402|9CB16AFC-4D9D-46FF-BE65-EB70F9B1A922|dexter.frank@anytime.ch|EMP-0330|2012-12-04 10:23:00
u2167|FAC74046-9AD4-432B-808A-6B6E0211F310|raja.hobbs@anytime.ch|EMP-0035|2003-10-29 12:21:00
u2771|C715B43A-B31A-4912-B289-CD71DBE29C2B|sydney.wong@anytime.ch|EMP-0118|2006-07-19 10:15:00
u1649|93BF3A8E-D547-447B-A9EA-15FAF1B7DA95|declan.alvarado@anytime.ch|EMP-0135|2006-12-22 14:04:00
u5190|A6BD1BCA-D01A-448F-8F62-0870F4BE6844|forrest.ball@anytime.ch|EMP-0380|2014-08-15 16:04:00
u7393|E2C9996F-2807-4547-9470-915F3A6EC2BA|ray.morton@anytime.ch|EMP-0187|2008-06-26 12:19:00
u5288|2F310570-E15A-4A83-A4D6-D04928176725|ciaran.ferguson@anytime.ch|EMP-0188|2008-07-08 12:05:00
u1778|495B3066-5E99-481E-BB6B-096C4763C9DB|leroy.trevino@anytime.ch|EMP-0244|2010-06-10 09:06:00
u1905|0D4998AB-E20B-45E6-B436-DD71F7DD396A|wylie.jones@anytime.ch|EMP-0253|2010-08-20 16:05:00
u4717|0147F16C-3318-4B92-8370-95CE7393F46C|dawn.webster@anytime.ch|EMP-0119|2006-08-14 14:32:00
u9759|CFCF75D4-6BC6-49A0-8B5A-E98FF200EA03|maggy.jacobs@anytime.ch|EMP-0061|2004-10-06 09:02:00
u2918|FA5D57C4-0F99-4906-8AB5-DBEDC28DF8C4|jameson.stafford@anytime.ch|EMP-0287|2011-06-14 10:48:00
u4867|398725CA-9C14-4DC1-AE8C-CB43FA956ACA|evan.sullivan@anytime.ch|EMP-0386|2014-09-24 09:24:00
u4743|585EBF76-94D7-45D9-84F1-FC1486C1DE70|roary.walls@anytime.ch|EMP-0321|2012-08-28 16:01:00
u8044|11F1CA33-BCA4-42CF-AE60-021A0DCF01D3|gray.mcfadden@anytime.ch|EMP-0233|2009-11-12 15:40:00
u7446|1C790552-C1B2-4BBD-8854-7AFBF2F31255|lucy.grant@anytime.ch|EMP-0447|2016-09-16 11:46:00
u6321|3A4C878F-9B48-420C-8430-5D0EF7506CAB|silas.garza@anytime.ch|EMP-0019|2002-07-01 12:03:00
u3866|90722EF4-90C3-4356-85C5-82AEEA95343C|damon.atkins@anytime.ch|EMP-0298|2011-11-21 16:14:00
u1924|95BD22CD-69FD-4260-834A-6EED1ACD0E01|nicholas.coleman@anytime.ch|EMP-0286|2011-06-08 11:59:00
u6082|00856606-622A-4A6F-A080-83FEF9C1658D|brody.snow@anytime.ch|EMP-0182|2008-04-24 14:36:00
u8788|B4001401-7280-442E-9D9F-7533FD4B4D1B|shelly.lewis@anytime.ch|EMP-0265|2010-12-30 14:09:00
u7768|383E5DC2-A4A4-4CC2-9E54-DF1A1E77E6D3|hadassah.rasmussen@anytime.ch|EMP-0199|2008-10-24 12:10:00
u6886|46277615-1FFE-4804-B28D-330AD7ECE075|jada.sherman@anytime.ch|EMP-0352|2013-10-18 09:16:00
u3334|8C4ACFDA-B94E-4257-BCC1-CA59EF173C33|oprah.curry@anytime.ch|EMP-0392|2014-10-28 11:41:00
u1366|FD6D78DF-E5F4-4989-84DD-2A9F2FD5C88B|rigel.salas@anytime.ch|EMP-0048|2004-04-23 09:49:00
u1318|5BF8D116-5DB4-488A-96D8-83689ACE20AE|portia.dodson@anytime.ch|EMP-0413|2015-06-09 13:00:00
u5520|5C6EE1BB-5AF0-4A10-8013-977CF40BC396|serena.morse@anytime.ch|EMP-0281|2011-05-19 10:55:00
u8308|52AE4778-CF4A-47F2-AA98-042AE7EC7D67|keegan.fernandez@anytime.ch|EMP-0100|2006-02-02 09:24:00
u7328|99B99945-A0FA-41DD-BBF1-221F5838D29A|oleg.massey@anytime.ch|EMP-0229|2009-09-11 12:52:00
u1547|4FB69B66-1E6E-4D4B-BB24-EF30DAF1939C|tiger.rodriguez@anytime.ch|EMP-0127|2006-10-13 09:53:00
u1994|5A8F7B4A-5151-4799-B408-E713583E72A2|naomi.duke@anytime.ch|EMP-0403|2015-03-06 09:01:00
u9163|BF27CB20-014C-4756-B57A-E8108C174D5E|lee.mccarty@anytime.ch|EMP-0104|2006-03-15 14:17:00
u5031|6E817CAF-37E4-41C0-A752-59D11E363DCF|clarke.oconnor@anytime.ch|EMP-0348|2013-08-28 15:45:00
u8957|216C4287-A73F-47A0-996D-CCB6BBC7B083|stone.wilkinson@anytime.ch|EMP-0202|2008-11-21 11:20:00
u1130|477C9D92-7837-4472-832D-7994FD62079F|kaseem.roth@anytime.ch|EMP-0238|2010-03-02 13:04:00
u9475|C0B4B3B4-BC49-499F-A180-BAF31996E737|cameron.hardin@anytime.ch|EMP-0006|2002-07-01 14:00:00
u8051|075D2F94-C048-41A8-8AED-45E9E76D8709|murphy.mathews@anytime.ch|EMP-0457|2016-12-23 13:26:00
u8158|4E097DC8-0A94-4CF2-B3FB-D0412822B14F|rafael.gardner@anytime.ch|EMP-0264|2010-12-14 10:31:00
u2440|46ACE43D-B322-4E49-B182-32EF78D17A35|bruno.cooper@anytime.ch|EMP-0383|2014-09-01 16:07:00
u6508|0575C054-66ED-4F4C-8F45-54B43AE54AAA|amal.pugh@anytime.ch|EMP-0052|2004-05-26 10:13:00
u1221|41756182-133A-4CEE-9164-BA7EDCACBC69|harper.cantu@anytime.ch|EMP-0098|2006-01-03 10:04:00
u7740|7FBEB855-42AF-4A97-A72A-B4BA83B3632D|lael.harding@anytime.ch|EMP-0261|2010-12-03 11:42:00
u0774|47007164-3B1C-4DAC-873F-8F06DD8B643A|eaton.franklin@anytime.ch|EMP-0069|2004-12-06 14:47:00
u6421|57FB487C-88FD-4057-9006-DAE410D78DB7|abbot.cox@anytime.ch|EMP-0103|2006-03-10 15:43:00
u4054|CD30AEA0-AE9E-4E56-AF4D-5EE01EE8DEF3|idona.wynn@anytime.ch|EMP-0223|2009-05-19 11:41:00
u3658|2760CE94-F7AC-470A-8F2A-C2A77FD57599|dane.mann@anytime.ch|EMP-0256|2010-09-20 14:53:00
u3862|79C4BCF5-0576-477A-8C04-743FE96AF9D5|davis.navarro@anytime.ch|EMP-0051|2004-05-28 11:52:00
u4462|196B1AF7-6954-4482-8306-81DB86630678|stephen.mccray@anytime.ch|EMP-0004|2002-07-01 16:11:00
u7751|16CE9F5E-DB8B-49A2-BB77-758C421E5603|caldwell.green@anytime.ch|EMP-0375|2014-05-23 12:56:00
u6483|557D91A1-8744-4D20-99BA-9D0F64A58CB3|ashely.duran@anytime.ch|EMP-0152|2007-06-18 14:55:00
u2620|B2C752DC-69A7-4BAB-AF92-E012F91359D7|magee.day@anytime.ch|EMP-0186|2008-06-17 15:53:00
u7412|00F64AFB-0B4C-425D-88A6-692836184658|kiayada.calhoun@anytime.ch|EMP-0123|2006-08-29 15:43:00
u3705|6D41C028-6E5B-4AD1-BADF-1D894017B2F3|ivy.richards@anytime.ch|EMP-0007|2002-07-01 13:11:00
u3040|2EA57E06-BDA1-4E76-93B2-43DD38FE716B|emery.santiago@anytime.ch|EMP-0099|2006-01-20 16:29:00
u1814|837AFAE2-AA68-4737-8A96-E7E0DCD98A07|penelope.bolton@anytime.ch|EMP-0156|2007-08-16 14:33:00
u4615|69F4F5D5-A665-4DAD-B9A6-CC066480E0CE|chancellor.bishop@anytime.ch|EMP-0198|2008-10-17 16:52:00
u4267|AC929FC6-ACD3-4D9A-8CA7-3071C82630A2|elmo.mcclain@anytime.ch|EMP-0318|2012-07-18 09:18:00
u0800|15358674-66A5-4C1F-A171-1941C8E82A95|murphy.nolan@anytime.ch|EMP-0232|2009-10-28 10:42:00
u4608|DA3AEFDC-24E7-4536-A739-6E3DA1F6D510|nissim.murphy@anytime.ch|EMP-0105|2006-03-16 14:11:00
u1321|B1BEA620-2510-4E7B-ACCC-B673F7A69119|clare.clayton@anytime.ch|EMP-0308|2012-03-22 15:11:00
u7724|10E691A7-F4BA-47CF-9D54-5028FF51822E|vance.butler@anytime.ch|EMP-0358|2004-12-30 09:39:02
u2650|54E3189E-4C65-4E77-A2A6-AD84E3CBCD7F|dane.oneil@anytime.ch|EMP-0010|2002-07-01 16:46:00
u1179|E658A92F-1DB4-4D38-BDAA-EC3AA7438050|martha.raymond@anytime.ch|EMP-0418|2015-08-12 16:17:00
u9791|8BAE7F80-36DB-42CE-B660-0CB71273F2A8|aspen.gilmore@anytime.ch|EMP-0068|2004-12-07 11:35:00
u1303|AD337586-8A66-4CE7-92AB-15D516C7FB13|berk.bonner@anytime.ch|EMP-0145|2007-03-27 12:06:00
u1664|A90ECA84-8F1C-4A44-B5D9-4258E683BB5C|aladdin.carson@anytime.ch|EMP-0381|2014-08-25 11:26:00
u1018|DF86F82A-71F2-4C10-921A-8D9680666490|dale.madden@anytime.ch|EMP-0293|2011-10-19 15:58:00
u9199|B8A66C38-2F20-4744-BA53-1FCA9374E17D|zane.patel@anytime.ch|EMP-0372|2014-05-12 11:07:00
u0714|C961A8A7-3E1A-47C2-BF02-4332F4EB6FAE|william.curry@anytime.ch|EMP-0370|2014-04-28 11:23:00
u7990|E86B0887-DF66-45FA-A121-F067167D9A34|hamilton.craft@anytime.ch|EMP-0269|2011-01-07 15:42:00
u3907|53328BD0-2729-473C-93E9-721590E30C27|maris.lynn@anytime.ch|EMP-0295|2011-10-25 09:15:00
u2541|2397FA96-53EF-4B73-B85A-E9DB13BC6196|ruby.mays@anytime.ch|EMP-0250|2010-08-05 11:10:00
u1302|BA353C28-FAF1-4B04-933F-673891C357D8|dustin.maxwell@anytime.ch|EMP-0416|2015-07-20 15:02:00
u4510|D660EA3D-574A-4133-BCF7-A0A76DEC6EE8|camden.leonard@anytime.ch|EMP-0033|2003-09-25 11:07:00
u0777|C2675BDB-145F-4CAA-B4CD-317D9EC0153C|ishmael.vang@anytime.ch|EMP-0399|2015-01-28 10:53:00
u5881|6C8537E3-8BA4-4E40-83D1-43D4B98044AA|basil.vaughn@anytime.ch|EMP-0345|2013-07-31 10:04:00
u0796|1FFA68FD-C7B6-4E24-BB9E-61494F3AF7C3|melodie.berry@anytime.ch|EMP-0209|2009-02-18 14:47:00
u3435|96B95F5B-12EF-4E94-91E7-F74C492CD341|caldwell.leonard@anytime.ch|EMP-0180|2008-04-16 15:57:00
u2670|E56B6B92-28D0-4F22-861F-17AA50F5C2BC|ishmael.skinner@anytime.ch|EMP-0169|2007-12-14 11:57:00
u3675|49E4A57C-32EF-4C2C-9800-D37C3C066F16|deacon.anderson@anytime.ch|EMP-0166|2007-11-12 16:29:00
u2805|9524E292-37CD-4DEE-BF29-3AA65F91D19D|sydney.foley@anytime.ch|EMP-0084|2005-05-19 11:56:00
u5856|BDF77CE6-445D-48B5-8007-AA341AE92C40|forrest.schwartz@anytime.ch|EMP-0236|2009-12-21 09:13:00
u5998|1895FF81-059F-4B39-9899-349FB5377D39|kellie.randolph@anytime.ch|EMP-0032|2003-09-18 10:50:00
u8070|18CD547B-EF13-4477-BDB9-1AF8A05F1350|dustin.villarreal@anytime.ch|EMP-0176|2008-02-26 13:40:00
u3875|F17F70D5-86E9-4E7B-9CBB-4F04285C0932|mannix.durham@anytime.ch|EMP-0189|2008-07-30 14:35:00
u9457|E20B770B-98D5-45B6-868D-EAE42FC3D411|driscoll.norris@anytime.ch|EMP-0108|2006-04-18 09:09:00
u5896|B6985619-6275-419C-ABBD-3AECFC3004B7|gillian.robbins@anytime.ch|EMP-0115|2006-06-08 16:57:00
u1909|C3862539-E73C-442E-8A27-449D59A99472|amery.lynn@anytime.ch|EMP-0435|2016-04-04 09:13:00
u2073|34976730-78FE-4E00-94AD-6D2F15183037|hedley.mccarty@anytime.ch|EMP-0260|2010-12-01 09:48:00
u5641|C7ACAEC3-253F-4C55-8054-8655D70505BD|leroy.ortega@anytime.ch|EMP-0093|2005-10-14 10:22:00
u4731|1184C52B-A87C-4468-ABCF-28CFA6DD16D9|madison.russell@anytime.ch|EMP-0376|2014-05-23 12:08:00
u5602|4B71466B-EDE4-44E7-ABF5-C2FC6C69A36D|jameson.mullins@anytime.ch|EMP-0322|2012-09-19 10:18:00
u6971|0418049C-70E6-44B0-B257-67E7722FDDF6|aaron.olson@anytime.ch|EMP-0046|2004-03-22 14:48:00
u8682|D4DC98A9-D725-4653-A96B-71AF397BAE08|orlando.rice@anytime.ch|EMP-0153|2007-06-20 10:10:00
u3737|7DB1F014-7B0D-44D5-9EEB-75AC0800FC34|wilma.joyner@anytime.ch|EMP-0201|2008-10-29 10:56:00
u6425|B360808A-A61B-4D01-90A4-906D73CBBBCF|lysandra.reilly@anytime.ch|EMP-0243|2010-05-28 11:46:00
u8221|B0731A55-CABD-49D1-BDEC-0EE100359059|ferdinand.jefferson@anytime.ch|EMP-0317|2012-07-11 12:52:00
u5485|F7FA8C3E-20CC-461F-808C-40290C645249|april.baldwin@anytime.ch|EMP-0410|2015-05-28 09:18:00
u8377|DC82A366-83BD-4426-830D-810272203549|lareina.stafford@anytime.ch|EMP-0002|2002-07-01 13:15:00
u4785|10FF21B6-11D3-4A50-85BA-E3CFD4862527|brendan.hull@anytime.ch|EMP-0249|2010-07-27 14:37:00
u0496|79ABDEBD-4FF4-4BC5-B769-4C926B426C39|tate.salas@anytime.ch|EMP-0379|2014-07-17 12:45:00
u5196|31B723F1-C8AD-42AE-98E7-F6081492AF1F|carly.cannon@anytime.ch|EMP-0350|2013-08-28 16:51:00
u4382|AEBF8A45-457D-4880-BF47-645380B4B269|giacomo.hanson@anytime.ch|EMP-0227|2009-07-17 13:01:00
u8708|04E26B52-2679-4F8D-8237-31EFBEDBDA65|hilel.burns@anytime.ch|EMP-0167|2007-11-20 12:02:00
u8660|2DBF07E7-DF12-4B16-9345-9A95143B044D|xander.rhodes@anytime.ch|EMP-0384|2014-09-04 16:37:00
u9263|334C9E9F-D11D-4611-8656-3F042FC71F7F|levi.lewis@anytime.ch|EMP-0064|2004-10-13 15:27:00
u7633|34701439-C684-4EDD-9AB2-0220B839C5E8|sybill.hansen@anytime.ch|EMP-0419|2015-09-03 10:01:00
u0558|5BB6584C-7054-4E1D-B2BB-7AA9A783BDFE|fulton.velazquez@anytime.ch|EMP-0450|2016-10-17 13:20:00
u0958|B914DE6D-CA6D-4DD6-901D-F8B83AED4A5B|basil.estes@anytime.ch|EMP-0203|2008-11-28 16:09:00
u8027|E3235492-5E37-48BF-97A9-3E687A6ED36A|benedict.mendez@anytime.ch|EMP-0347|2013-08-28 14:33:00
u1563|5372AA1C-F7C0-4C52-A43E-23653E6D5924|jade.york@anytime.ch|EMP-0359|2013-12-31 10:23:00
u6370|68910065-2E07-4ED8-A857-B97E1E27D9AD|asher.sparks@anytime.ch|EMP-0222|2009-05-22 16:50:00
u8913|5D5ED8D1-8AA5-4A93-95CC-C1BBA5AAEBE4|odysseus.stewart@anytime.ch|EMP-0031|2003-08-25 14:48:00
u7565|2D1268AE-8213-4D63-BF77-8260610C9A6B|carly.tucker@anytime.ch|EMP-0346|2013-08-07 12:35:00
u6290|2BF31EC1-700E-4510-B107-16AF42DFB159|upton.ruiz@anytime.ch|EMP-0312|2012-05-04 11:50:00
u8992|ACADA026-6DBF-483B-8E55-E5CE5BC1FD9E|dale.lott@anytime.ch|EMP-0432|2016-03-07 12:26:00
u9647|F2CFC070-C5DE-42B5-BF75-C97B6A2A6C4C|aladdin.lara@anytime.ch|EMP-0082|2005-04-29 11:33:00
u3592|308AA4E9-A0AA-455A-8CA3-8712C7B4A44C|kylan.bullock@anytime.ch|EMP-0336|2013-03-06 09:30:00
u1393|1073E8C4-4912-4E14-B683-27A2BFE1E731|shaine.burch@anytime.ch|EMP-0204|2008-12-01 14:18:00
u3221|422AA21D-CBF3-4ACB-8626-4600D6F2FB20|drew.pena@anytime.ch|EMP-0333|2013-02-06 11:34:00
u9965|62EB76C7-76F2-4AC1-936D-A0A433E1F9D9|lucy.padilla@anytime.ch|EMP-0428|2016-02-03 10:23:00
u6827|DA240228-F1A7-4F36-B465-888B0A0A8273|noel.wynn@anytime.ch|EMP-0142|2007-02-20 12:07:00
u7916|5C1B952F-3B66-4CD7-A81F-1D72ED1CEB8E|drew.paul@anytime.ch|EMP-0112|2006-05-29 11:41:00
u2863|CD069697-6B89-4A68-B298-7D1181693561|carolyn.morse@anytime.ch|EMP-0407|2015-04-09 16:24:00
